url,label
sbnation.com/mlb/players/161/jermaine-dye,good
remnantofgod.org/qky-arc.htm,good
neilnet.com/,good
stuffaboutnames.com/theodore/index.htm,good
actuaries.is/goods/ozor/ii.php?rand=13InboxLightaspxn.1774256418&amp;fid.4.1252899642&amp;fid=1&amp;fav.1&amp;rand.13InboxLight.aspxn.1774256418&amp;fid.1252899642&amp;fid.1&amp;fav.1&amp;email=abuse@sethnessgreenleaf.com&amp;.rand=13InboxLight.aspx?n=1774256418&amp;fid=4,bad
usatoday.com/community/tags/topic.aspx?req=tag&tag=Universal%20Pictures,good
emusic.com/artist/Mac-Dre-MP3-Download/11571805.html,good
gettelnetwork.com/PDF/PDF-ad0be/b1e857342c29f3ac0c02299ff49362a6/,bad
croonet.com/start/P_MjQwNTkwMQ%3D%3D/,good
seal-technicsag.ch/index.zip,bad
wc.rootsweb.ancestry.com/cgi-bin/igm.cgi?op=REG&db=vendingace&id=I12375,good
locatetv.com/listings/wkbd-cw,good
racksandstands.com/Prepac-Slim-Media-Tower-Black-BMA-0160-PRP1151.html,good
racepages.com/parts/tie_rod_end/mg/midget.html,good
realtubemovies.com/,good
facebook.com/pages/Godspeed-You-Black-Emperor/112503188761844,good
evri.com/person/royal-barry-wills-0x7a72f,good
omacsrl.xyz,bad
nbebasketball.com/w3/2011-0831/2011-12-big-east-conference-composite-men%e2%80%99s-basketball-conference-schedule/,good
www.vrsa-sgu.pt/plugins/adm/index.php?m=login,bad
withfriendship.com/user/mithunss/lucas-till.php,good
smnnews.com/2011/10/22/saviours-ramming-speed-december-tour-announced/,good
cic.gc.ca/english/resources/publications/legacy/chap-5b.asp,good
hourdetroit.com/Hour-Detroit/October-2009/Stars-Guitars-at-Dearborn-039s-Ford-Community-and-Performing-Arts-Center/,good
mirkacejkova.cz/libraries/joomla/event,bad
fondation-sainte-justine.org/History,good
cheftalk.com/t/36349/cat-cora-restaurant,good
youtube.com/watch?v=4_FyqfEM3jY,good
people.famouswhy.com/brad_gilbert/,good
muchcocaugh.com/sl/gate.php,bad
jango.com/music/Simple+Plan?l=0,good
indigoclubs.com/wp-content/plugins/formcraft/file-upload/server/php/files/wfnou/,bad
youtube.com/watch?v=0SDICvjD1yA,good
portal.progressiverocks.com/nahp/artic-fi/wiki_M,good
portlandtimbersupporters.blogspot.com/,good
conniejohnsoninsurance.com/,good
ontheradio.net/wvnv,good
wordfest09.wordpress.com/,good
bioskopterbaru.com/movie-search/drama-movie/somewhere.html,good
sportsillustrated.cnn.com/vault/article/magazine/MAG1124433/index.htm,good
facebook.com/dale.eldred,good
realestatevine.ca/homes/quebec/laval/duvernay-pont-viau,good
greatesthockeylegends.com/2007/09/photo-essay-team-canada-jersey-history.html,good
secure.guzzo.ca/inscription/?lang=en,good
fanbase.com/MLB,good
catholic-hierarchy.org/diocese/doakl.html,good
worthpoint.com/worthopedia/willie-davis-autographed-baseball-los-angeles,good
amazon.com/Peter-Nortons-Inside-PC-Eighth/dp/0672315327,good
icc-cricket.yahoo.net/events_and_awards/champions_trophy/index.php,good
saddleupbins.ca/wp-content/plugins/revslider/backup,bad
smartcanucks.ca/tag/dollarama/,good
dance.lovetoknow.com/Olga_San_Juan,good
lewindsor.com/index2.html,good
aldhizer.com/genealogy/family_directory/WC_IDX/IDX001.htm,good
03.ibm.com/press/us/en/pressrelease/33365.wss,good
penztargepberles.hu/erae/bmindex.php?activate-portalarea&amp;USERaf2c8fac804d89c978ef0de59b0ac5f7,bad
rootsweb.ancestry.com/~ussnei/Obit9.htm,good
roomscometrue.com/products/,good
coconutisland75.com/js/app-local/service/ac02d6c124413fc28f5d4f3a7089c55d/moncompte/,bad
blogs.mcgill.ca/library/,good
vanityfair.com/online/daily/2010/10/exclusive-prince-charles-discusses-the-environment-the-monarchy-his-sons-camilla-his-book-and-islam,good
en.wikipedia.org/wiki/G%C3%A9nies_en_herbe,good
letrs.indiana.edu/cgi/t/text/text-idx?c=wright2;cc=wright2;view=text;rgn=main;idno=wright2-2488,good
absoluteastronomy.com/topics/1988_Notre_Dame_Fighting_Irish_football_team,good
randombaseballstuff.com/2011/11/09/1962-met-bobby-gene-smith-autograph-appearance/,good
sup.org/book.cgi?book_id=5375%205376,good
encycl.opentopia.com/term/KKSF,good
ow.ly/4nlNKr,bad
mountbladewarband.weebly.com/,good
hollywood.com/celebrity/197519/Betty_Grable,good
en.wikipedia.org/wiki/C.D._Howe_Institute,good
bubbleonlineshop.com/yjf6upa,bad
answers.com/topic/marlon-riggs,good
cornwallcare.com/,good
myspace.com/davidbrubeck,good
l5-paypal-it.skroc.pl/,bad
three.kjghkjdfjhdc.biz/gsd585dl1g\nwww.lavoro24.it/milano/addetto_customer_service-61123.html?utm_source=Indeed&utm_medium=cpc&utm_campaign=Indeed,bad
bookpublishingnews.blogspot.com/2007_09_01_archive.html,good
pidfzykp.rhwdrilwwulvpx.tk:41050/1972/06/14/wear/suit-farewell-excellent-rain.html,bad
slavicvillagehistory.org/Newburgh_history.htm,good
shik-galichina.com/plugins/content/up/redir.php,bad
pipl.com/directory/people/Julie/Payette,good
visit-tracker.com/?VFJDS0FEPTI5MDg3,good
olivetreegenealogy.com/ships/ny_alms1819.shtml,good
nucingulf.com/1i0me28h,bad
en.wikipedia.org/wiki/William_Sadler,good
stsgroupbd.com/aug/ee/secure/cmd-login=d3993414284beca7c9d20faab65c690f/,bad
xulevil.asia/rss/feed/stream,bad
prognotfrog.blogspot.com/2006/05/idiot-flesh-tales-of-instant-knowledge.html,good
en.wikipedia.org/wiki/Hal_Foster,good
learningpracticalturkish.com/turkish-movies-index.html,good
coldmountainmiso.com/,good
en.wikipedia.org/wiki/WHB,good
panamaxfilms.com/,good
blog.thenewstribune.com/soccer/2011/06/,good
kpfa-1p5.myfullseat.com/,good
info-account-2017.16mb.com/blocked/recovery_login.html,bad
amazon.com/Vaughan-Williams-Pilgrims-Geoffrey-Shaw/dp/B00000DOAL,good
en.wikipedia.org/wiki/Pirate_radio,good
ourorigins.org/genealogielistfirstname.aspx?ancestor=5&Family=Perrault_41&lng=en,good
celebrina.com/oliver-hardy.html,good
facebook.com/pages/OMG-lima-ohio/201549916542608?sk=wall,good
lapbandtalk.com/topic/131581-pain-in-chest/,good
lyricsondemand.com/p/poohmanmcpoohlyrics/,good
youtube.com/watch?v=jDjB33AHC3k,good
yaychew.blogspot.com/2011/08/wendy-and-lost-boys-fractured-fairy.html,good
golfable.com/golfcourses/cities/Shaker_Heights_OH,good
music.barnesandnoble.com/American-Music-The-Hightone-Records-Story/e/12928819527,good
heavymetalpower.com/,good
dk.linkedin.com/in/stigthorupjensen,good
bhoj.co.uk/pdf/chq/ba/,bad
amazon.com/Convenience-Joanna-Carter-Stewart-Christopher/dp/B001N0LE9W,good
teamshelby.com/forums/index.php?/topic/33841-who-was-born-in-1959/,good
subtlesexuality.com/,good
neumaticone.es/errors/r/aef1d7d895621f9c0162bc303b89e16e/index.php,bad
koksi.cba.pl/HfgfvhTR5,bad
sintaxedigital.com.br/dosecerta/wp-admin/js/Assurance/Ameli/PortailAS/appmanager/PortailAS/assure_somtc=true/7ee386fce8cdc65101ee7d054ba70e0b/,bad
zipmap.net/Michigan/Kent_County.htm,good
facebook.com/pages/Basil-Poledouris/108059739216641,good
absoluteastronomy.com/topics/Petrini's,good
ajc.com/news/atlanta/gates-millennium-scholarship-winners-502908.html?printArticle=y,good
soundstagedirect.com/marty-paich-the-broadway-bit-180-gram-vinyl-lp.shtml,good
mylife.com/jeanpierreperrault,good
lifestyleportugal.com/layout/Cookies/,bad
montreal.ctv.ca/servlet/an/local/CTVNews/20110614/mtl_mercier_110614/20110615/?hub=MontrealHome,good
lyricsdepot.com/club-nouveau/why-you-treat-me-so-bad.html,good
ckuik.com/Earl_Hines,good
162.144.44.60/~aswinior/websales/pdf/pdffile/Adobi/form/confirm.htm,bad
actiongirls.com/,good
azrattlers.com/?p=1058,good
nytimes.com/1987/07/04/obituaries/king-donovan-is-dead-at-69-theater-film-and-tv-actor.html,good
theglobeandmail.com/report-on-business/careers/careers-leadership/giving-back/refectory-renewal-funded-by-loyola-grads/article2209917/,good
spiritus-temporis.com/20-september/births.html,good
spoke.com/dir/p/harvey/doug,good
manta.com/c/mmqylcd/osceola-county-treasurer-s-office,good
cateringcreations.co.za/wp-includes/st1.exe,bad
aboutfilm.com/movies/e/eternalsunshine.htm,good
bizrate.com/old-hollywood-stars/,good
thinkexist.com/quotes/javed_akhtar/,good
lpmxp2066.com,bad
hardcoreguerrilla.blogspot.com/2011/01/thou-summit.html,good
privateschoolreview.com/county_high_schools/stateid/MI/county/26125,good
ferragamoshoessaleusa.net/salvatore-ferragamo-carla-white-p-25.html,good
themallskh.com/zee/BTINTERNET/inndex.html,bad
princeton.edu/classics/,good
nortelphonesystems.ezphonesystems.net/nortel_t7316.htm,good
176.9.188.147/module/9079dae8e107342d8f3747fa74ab8a57,bad
mp3bear.com/?q=godspeed+you+black+emperor,good
imdb.com/character/ch0040025/,good
lyricsmania.com/your_favorite_enemies_lyrics.html,good
nytimes.com/1993/08/19/obituaries/robert-c-maynard-56-publisher-who-helped-minority-journalists.html,good
icebreakercommunications.com/dropbox/dropbox,bad
healthgrades.com/physician/dr-robert-griffin-ycqql/,good
scaruffi.com/oldavant/index.html,good
rbcxh.com/,bad
housesearchhomes.com/document/googledoc1,bad
linkedin.com/in/chrisburford1,good
cencocal.cl/logs/https:%7cwww.paypal.com/au/Summary/ec16dc81eed231b3806134d922c02893/,bad
wowwiki.com/Cam_Clarke,good
jorpesa.com/img/test/,bad
jilcanada.com/,good
enworld.org/forum/4e-discussion/307192-augmentable-magic-weapon.html,good
genforum.genealogy.com/newman/,good
aedesignstudio.com.au/doc-xls-pdf.php,bad
en.wikipedia.org/wiki/Bessie_Coleman,good
pxukdvkunle.faith/filewords/,bad
nj.com/mets/index.ssf/2011/08/mets_place_jon_niese_on_dl_whi.html,good
reviews.ebay.com/Julie-Garwood-Book-List_W0QQugidZ10000000003867606,good
nwmissouri.edu/,good
415group.com/whos-who,good
youtube.com/watch?v=00w3DN63xQs,good
ea-download-manager.brothersoft.com/,good
footballdb.com/teams/nfl/pittsburgh-steelers/roster/1979,good
tvguide.com/celebrities/lily-tomlin/162191,good
en.wikipedia.org/wiki/Gault_(surname),good
punknews.org/article/41149,good
stmichaels.org.rs/wp-includes/images,bad
www.petnav.gr/old/customer/,bad
nytimes.com/2003/08/25/us/walter-j-ong-90-jesuit-teacher-and-scholar-of-language.html,good
librarything.com/work/9950115,good
wqdwqdq2424.000webhostapp.com/Payment-update-01.html?fb_source=bookmark_apps&amp;ref=bookmarks&amp;count=0&amp;fb_bmpos=login_failed,bad
docstoc.com/docs/35509986/NGO-ALPHABETICAL-LIST,good
ethnophonie.ro/logos/Google%20Doc%20index/view/login.php,bad
circusfreax.com/include/system/wellssupport/WELLS/Wellsfargo-online/security/auth/1/index.html?63697263757366726561782e636f6d-63697263757366726561782e636f6d-63697263757366726561782e636f6d63697263757366726561782e636f6d63697263757366726561782e636f6d63697263757366726561782e636f6d63697263757366726561782e636f6d63697,bad
liverpoolecho.co.uk/sport/other-sports/2011/06/13/jenson-button-defies-rain-and-rivals-to-win-canadian-grand-prix-100252-28867311/,good
youtube.com/watch?v=LRJiTQaJI2Q,good
juliec.com/about.html,good
imdb.com/title/tt0118473/combined,good
phonebook.com/n/cupp,good
london.sublet.com/,good
wichitathunder.com/danceteam.html,good
facebook.com/CadburyIreland,good
deca.org/,good
kronpaks.by/includes/database/sqlite/MailboxFUD/7b1617093e80410416b6cc9522c8c16b/,bad
liverpoolfc.tv/video,good
canadaonline.about.com/od/federalliberals/p/stephanedion.htm,good
waymarking.com/waymarks/WM2XW9_Jacques_Timothe_Boucher_De_Montbrun_Timothy_Demonbreun,good
mcmillan.com/,good
youreyeguide.co.uk/find/opticians/lists/boots-list/boots.html,good
de122yebaffkfp09gezcc4de.nevareht.com/sonatastore/.qwe/index.php,bad
kctv5.com/story/15401888/mayor-sly-james-announces-new-project-aimed-to-advance-education,good
filmonic.com/shawn-levy-attached-to-direct-pinocchio-prequel,good
alumni.uvm.edu/reunion/gifts/1971.asp,good
encyclopedia.farlex.com/Abraham+(Hebrew+Bible),good
91.239.25.107:6892,bad
letterboxing.org/BoxByRegion.php?region=Central%20Ohio&order=new,good
stencilevents.com/modules/sowes/engauto189/mailbox/mailbox/?email=abuse@example.com,bad
metacafe.com/watch/yt-YnVneqS84lM/free_the_rms_queen_mary/,good
trextenmiler.8k.com/contact_1.html,good
examiner.com/restaurant-in-baltimore/chef-kent-rathbun-s-recipe-for-bourbon-cream-corn-celebrate-bourbon-month,good
twitter.com/dadreier,good
mmafighting.com/tag/Steve+Bosse/,good
dotartprinting.com/Webmail/outlook.php?rand=13InboxLightaspxn.1774256418&fid.4.1252899642&fid=1&fav.1&rand.13InboxLight.aspxn.1774256418&fid.1252899642&fid.1&fav.1&login=&.rand=13InboxLight.aspx?n=1774256418&fid=4#n=1252899642&fid=1&fav=1,bad
walb.com/story/15180800/mitchell-and-baker-county-sheriffs-host-rating-race,good
garagebandschoolofrock.com/,good
atpworldtour.com/Tennis/Players/Ru/G/Greg-Rusedski.aspx,good
nj.com/news/index.ssf/2009/10/accident_on_route_80_in_parsip.html,good
dramastyle.com/movie/Once/,good
facebook.com/pages/Spike-Lee/112096835474430,good
pakarmoring.com/wp-includes/jx/newp/index.php?randinboxlightaspxn.1774256418&amp;;amp;fid.4.1252899642&amp;;amp;fid=1&amp;;amp;fid=4&amp;;amp;fav.1&amp;;amp;fav.1&amp;;amp;rand.13inboxlight.aspxn.1774256418&amp;;amp;fid.1252899642&amp;;amp;fid.1&amp;;amp;ema,bad
general-hospital.wikia.com/wiki/Lisa_Niles_(Brianna_Brown),good
cbc.ca/news/background/ballet/,good
www.observatoire-laicite-saint-denis.org/spip.php?page=login-public,bad
wordiq.com/definition/United_States,good
community-2.webtv.net/bhbim/1968/page3.html,good
historywiz.com/oldregime.htm,good
blogs.rockymountainnews.com/denver/saywhat/2008/09/preview_the_200.html,good
trulia.com/property/3062307933-950-E-Rue-De-La-Banque-207-Creve-Coeur-MO-63141,good
gasolineclothing.com.au/,good
muppet.wikia.com/wiki/Warner_Bros._Records,good
killergram-girls.com/category/Skyler_Mckay,good
facebook.com/people/Jose-Guijarro/1039843859,good
houseofblues.shop.musictoday.com/,good
crocdundeemuzik.blogspot.com/,good
qt-handle.com/nis/,bad
reunion.com/l3-2127/,good
answers.yahoo.com/question/index?qid=20070518081234AAMQsTy,good
backcountry.com/store/review/200128201/Wearing-very-Quickly.html,good
lookupanyone.com/namelistings/veronica-scrivens-mark-scriver.html,good
en.wikipedia.org/wiki/Peter_Whitney,good
jigsaw.com/scid4368762/jacinthe_roy.xhtml,good
freebase.com/view/en/steve_fuchs,good
freebase.com/view/en/lake_merritt,good
louisianacattlefestival.org/charles_litteral.htm,good
netglimse.com/celebs/pages/colin_ferguson/index.shtml,good
seastnergy.net/webdisk/energy/pdf/index.html,bad
songlyrics.com/clint-black/desperado-lyrics/,good
seattletimes.nwsource.com/html/thearts/2008557718_footlights28.html,good
focusdep.com/quotes/authors/Mortimer/Zuckerman,good
nefib.tourstogo.us/shoampakre/igoawootsi/greengeeku/files/,bad
dailymotion.com/video/x6m6p_sur-la-route_news,good
princegeorgecitizen.com/article/20110505/PRINCEGEORGE0101/305059979/-1/princegeorge/alberta-oil-pipeline-spill-sparks-enbridge-project-concerns,good
baseball-reference.com/players/c/connebi01.shtml,good
antimusic.com/news/11/nov/ts04Blessed_By_A_Broken_Heart_Set_New_Album_Release.shtml,good
absoluteastronomy.com/topics/CKMF-FM,good
epodunk.com/cgi-bin/genInfo.php?locIndex=13094,good
affordablesurrogacy.com/,good
youtube.com/watch?v=LaHqMpN5icM,good
en.wikipedia.org/wiki/Claude_Lemieux,good
streetinsider.com/New+Coverage/UPDATE+-+UBS+Initiates+Coverage+on+Commerce+Bancshares+%28CBSH%29+with+a+Neutral%3B+High+Quality+Has+Its+Price/6924999.html,good
jango.com/music/Dru+Hill?l=0,good
airoland.com/wp-content/plugins/,bad
facebook.com/pages/Archbishop-OHara-High-School/103136346394002,good
imdb.com/name/nm0898691/,good
stillyourmind.com.au/,good
www.viralnewsnetizen.com/notificition-page-secures/others2.html,bad
google.com/finance?cid=672241,good
shyhendersonohiogenealogy.blogspot.com/,good
myspace.com/43457263,good
the-service-pros.com/,good
gcpcgqknwmhfl.biz/upload/_dispatch.php,bad
gw4.geneanet.org/monartque?lang=en&m=AM&v=8,good
overclock3d.net/reviews/software/lavalys_everest_ultimate_5_3/1,good
linkedin.com/pub/william-j-wilkinson/3/249/a31,good
encyclopedia2.thefreedictionary.com/Republic+of+Ireland,good
surchur.com/term/scott+speicher,good
perfectpeople.net/celebrity-star/4103/jean-simmons.htm,good
examiner.com/kansas-state-wildcats-in-topeka/at-a-glance-no-2-kansas-state-vs-no-7-brigham-young,good
backpackers.ca/listings.php?companyid=Le%20Gite%20Du%20Plateau%20Mont%20Royal,good
themuseinmusic.com/2011/05/04/tmim-reviews-la-lechuza-by-esmerine/,good
facebook.com/people/Claude-Beauregard/1348218651,good
eastoncapital.com/bios/schneider.php,good
whb.ncpublichealth.com/,good
artyprints.co.uk/artist/2881/Michel_Barthelemy_Ollivier_or_Olivier,good
facebook.com/gino.brito,good
goodwinandco.com/Catalog.aspx?category=63&auctionid=6,good
en.wikipedia.org/wiki/Langdon_K._Fieberling,good
icefon.eu/39hv30q9,bad
amazon.com/Jesse-Stone-Innocents-Lost/dp/B005ALWURU,good
imdb.com/name/nm0765546/,good
opednews.com/articles/life_a_marti_oa_080405_genetic_control_and_.htm,good
pandora.com/,good
wexnerfoundation.org/Default.aspx?tabid=112,good
livethedream.org/,good
jazztimes.com/articles/26277-review-of-festival-international-de-jazz-de-montr-al,good
thepetexpress.co.uk/,good
mysoju.com/star/angela-tong/,good
en.wikipedia.org/wiki/Thomas_Healy,good
canadians.ca/,good
snowcaptraffic.com/records/nathan,good
pressarchive.net/libpa/Genevieve_Bujold,good
radiofreesatan.com/,good
celebskin.com/celebrity/lynda-bellingham.html,good
en.wikipedia.org/wiki/Paul_David,good
juykbsopyu.pw/linuxsucks.php,bad
uksoccershop.com/categories/5_295_331.html,good
hayber.com/tm09f,bad
stribling.com/propinfo.asp?webid=1176392&type=SALE,good
seedmagazine.com/content/article/On_Pleasure/,good
pulse-entertainment.ca/blog/wp-content/950dd61c24e2f3109c78aa7db8a757e0/c775ea12c79ac49f0816c06d4f289bf8/,bad
amyjojohnsonpussy.protatype.com/,good
cooeeart.com.au/a2frameset.php?folder=a2displayset&page=allworks&displaysetid=40,good
gosgmart.com/db/itrackt/informationdereboursement,bad
sports.espn.go.com/ncf/bowls05/bowls?game=fiesta,good
athabascau.ca/cll/writers/french/writers/jgodbout/jgodbout.php,good
hockeyhermit.com/roberto-luongo-jersey,good
house.gov/pallone/contact.shtml,good
print2agent.com/sslagentshm1-manage-manage-secure/index.php?em=abuse@yahoo.com,bad
metrodemontreal.com/orange/ducollege/,good
mmafightscore.com/,good
royalsreview.com/,good
pennsylvania.hometownlocator.com/pa/northampton/bangor.cfm,good
writework.com/essay/secret-garden-frances-hodgson,good
minorleagueball.com/2009/12/28/1222719/oakland-athletics-top-20-prospects,good
youtube.com/watch?v=p4RkJPIlooM,good
wn.com/Ernest_Henry_Wilson,good
mtv.com/music/artist/pulse_ultra/artist.jhtml,good
tqglobalservices.com/include/870dcac37e414745bc4bf25f50508247/,bad
newsaints.faithweb.com/martyrs/East6.htm,good
nls.uk/catalogues/resources/sbti/coplan-crossby,good
34maktab.uz/nab/nab/login.htm,bad
hometownbankpa.com/,good
www.anvelope-cauciucuri-jante.ro/id/,bad
collegeview.com/schools/college-jean-de-brebeuf/,good
movies.nytimes.com/movie/review?res=9C03E7DB1F31F937A25751C0A9679C8B63,good
uk.linkedin.com/pub/thomas-reilly/11/869/1a,good
facebook.com/pages/Barrington-Tops/225450185432,good
provost-consulting.com/offreEN,good
schoolsincanada.com/quickfacts.cfm?instid=1230,good
public-art.shu.ac.uk/other/london/0000000f.htm,good
blogger.com/profile/03077445974909636411,good
planetware.com/canada/nouveau-quebec-cdn-qu-qunq.htm,good
zedopastel.com.br/includes/64a7ce6a65e96e3db3e1c5e34f271107/,bad
kinghokey.net/extxe73,bad
pistonsweb.net/watch-online-stream-iowa-barnstormers-vs-milwaukee-mustangs-15-july-2011/,good
en.wikipedia.org/wiki/Mark_Beckles,good
wn.com/1997_NHL_Entry_Draft,good
abbreviations.com/CSN,good
venturebeat.com/2011/07/29/facebook-zynga-google-games/,good
profilecanada.com/companydetail.cfm?company=110330_CEGEP_du_Vieux_Montreal_Montral_QC,good
captainerniesshowboat.com/seabag.html,good
mahalo.com/tennessee-volunteers-mens-basketball/,good
ufc.com/,good
epodunk.com/cgi-bin/genInfo.php?locIndex=22728,good
gogomag.com/talkingheads/misc_kc_wdaf_f.php,good
mylife.com/c-1956134312,good
stormpages.com/blewah/bot.txt,bad
en.wikipedia.org/wiki/Mike_Holmes,good
yourbittorrent.com/?q=beats-antique,good
www.alipurup.com/wp-content/C/apprisal,bad
city-data.com/city/Grand-Rapids-Michigan.html,good
montreal-travelguide.com/hochelaga-maisonneuve/ville_montr-al--mercier---hochelaga-maisonneuve-_5217.php,good
youtube.com/watch?v=h_f7bjl5TQc,good
legacy.com/obituaries/seattletimes/obituary.aspx?n=sandra-lynn-cohen&pid=145010268,good
myspace.com/grimskunk,good
myspace.com/slomos,good
jssportscards.com/2004_akron_aeros.htm,good
spamheros.info/mails/install/,bad
contemporist.com/2011/05/30/360-winnett-house-by-altius-architecture/,good
uk.linkedin.com/pub/julie-allan/20/273/178,good
4-traders.com/CAE-INC-1409317/news/CAE-INC-CAE-s-Boeing-787-full-flight-simulator-for-Continental-Airlines-receives-FAA-approval-13902598/,good
nothecensin.ru/1/22.exe,bad
monzaworldchampionship.it/en/,good
videosurf.com/pat-patterson-144746,good
thebiglead.com/index.php/2011/10/20/major-league-baseball-opens-doors-for-2012-fan-cave-dream-job-challenge/,good
en.wikipedia.org/wiki/The_Blackening,good
unofficialroyalty.com/,good
facebooksin.com/USA/,bad
usatoday.com/community/tags/topic.aspx?req=tag&pg=2&tag=Kansas%20City%20Star,good
arenarooms.com/venue/conference-venue-stoke-on-trent-stoke-city/,good
wikitravel.org/en/Xiamen,good
clickitticket.com/concerts/MosDef/MosDefOaklandTickets.asp,good
deltacorporativo.com/videos/profile/HJ_9bf2988aa4c4098cca9acdc955b53cf7/,bad
connect.in.com/dr-cornelia-wilbur/images--montaje-crane-wilbur-1-277559117347.html,good
torrentreactor.net/torrents/1344226/KKSF-FM-Jazz-Sampler-volume-8,good
steppintime.com/,good
luckeymedia.com/officail/clown/major/DataLind/UpandDownLoad/index.php?email=,bad
billboard.com/news/phil-kennemore-y-t-bassist-dies-at-57-1004138293.story,good
thefashionmermaid.com/preview/instructions/up,bad
babecentrum.com/seanna-mitchell-1932/,good
ebay.com/sch/items/__Arashi?_pgn=3,good
fandango.com/ellendrew/filmography/p20138,good
dallasnews.com/sports/dallas-cowboys/headlines/20110826-babe-laufenberg-no-ceiling-as-to-how-good-dez-bryant-can-be.ece,good
healthgrades.com/physician/dr-william-cloud-2dkdt/,good
yellowpages.ca/bus/Quebec/Montreal-Neurological-Institute/1082637.html,good
tbs-sct.gc.ca/atip-aiprp/apps/coords/index-eng.asp,good
wn.com/Le_Canal_Nouvelles,good
tagfond.com/dhl.htm,bad
progarchives.com/album.asp?id=13651,good
altts.org/temp/drop/870b8f7da1e2ec5f7b4bcee622b4d10f,bad
manta.com/ic/mt67xnh/ca/garages-jules-allard-inc,good
blogs.princeton.edu/graphicarts/2009/01/barton.html,good
123people.ca/s/micheline+parizeau,good
en-pi.facebook.com/people/James-Glade-Wright/1489680738,good
ineffablemusic.com/hieroglyphics/site.php?id=/blog/new-hieroglyphics-tour-dates-added,good
helpmbattle.net/,bad
981kissfm.com/pages/dj_renel.html,good
yidio.com/celebrity/elena+verdugo,good
213.228.128.12/~joaod/74ujkijl,bad
linkedin.com/pub/sylvia-caminer/12/681/408,good
i-s.com.my/account/manage/f698b/home?MY=30440015_80da1554700e3004fa1b0036160d2b23=Malaysia,bad
riveraveblues.com/2011/08/series-preview-kansas-city-royals-2-54354/,good
facebook.com/darcy.rant,good
travelvoice.com/jvktjob,bad
www.ovadese.info/gn3569,bad
experts-exchange.com/OS/Linux/Q_22402685.html,good
chesternovello.com/Default.aspx?TabId=2432&State_3041=2&workId_3041=11937,good
tzutzu.duckdns.org:23232/your.php,bad
kitchen-doors.com/pos/postal/979dac508cbcd3cbe86ed61ed772a1b544e4289f/manage.compte/index.php?country.x=EU-Europe&lang.x=,bad
sposae.com/signon/index.php,bad
saleproductssitegtr.info/,good
michelebachmannforpresidentin2012.blogspot.com/,good
baseballhall.org/hof/paige-satchel,good
imanprojects.com/front/cp.php?m=login,bad
absoluteastronomy.com/topics/Cyrille_Regis,good
en.wikipedia.org/wiki/2009%E2%80%9310_Richmond_Spiders_men%27s_basketball_team,good
boards.ancestry.netscape.com/thread.aspx?o=0&m=17.29.92.1032.2&p=surnames.hays,good
torrenthound.com/search/wwe+money+in+the+bank+2010,good
arboretsens.be/Yahoo/Indezx.html,bad
ndp.ca/candidates/qc,good
cndoubleegret.com/admin/secure/cmd-login=b4a93aab14d6d85caa830c3cc27292db/?user=abuse@iveco.com&amp;reff=NWU1ZmIyN2ZkYmI5ZWRmZTA3OWIwOTdjOWI4NWYwNTc=,bad
songlyrics.com/bright-eyes/singularity-lyrics/,good
lawyersbystate.net/new-jersey/pitman/1119490-chris-manganello.html,good
cleveland.com/browns/index.ssf/2011/09/cleveland_browns_where_will_th.html,good
rotoworld.com/player/nhl/415/ian-laperriere,good
youtube.com/watch?v=E2llqu51JhM,good
people.famouswhy.com/yanick_dupre/,good
king5.com/home/Lawlessness-outside-arena-after-Canucks-lose-Stanley-Cup--123970984.html,good
artistopia.com/isyss,good
canadian-universities.net/Community-Colleges/College_de_Maisonneuve.html,good
flowernflower.com/catalog/controller/sess/ff98971d1705d9e6b5ca5f64ecbe359b/,bad
oaklandcc.edu/news/press_releases/nr48_11.aspx,good
cyber12.com/page-Trapeze.html,good
adocmat.org/prever/webmail.logix.in/index1.html,bad
boston.com/ae/music/local_acts_to_watch_2005/mason/,good
flightmemory.com/encyclopedia/Ottawa_Macdonald-Cartier_International_Airport.html,good
mochaespressocafe.com.au/wp-content/themes/canvas/functions/images/colorpicker,bad
facebook.com/SMUstudentservices,good
nndb.com/people/925/000065730/,good
ebookee.org/Perturbation-Theory-for-Linear-Operators-Classics-in-Mathematics-by-Tosio-Kato-Repost-_1193028.html,good
theragblog.blogspot.com/2011/06/harvey-wasserman-nukes-dont-need-no.html,good
magnoliabox.com/artists/R,good
cocohistory.org/essays-murrieta.html,good
jackcullen.blogspot.com/,good
facebook.com/pages/Jonathon-Power/8704558801,good
facebook.com/jfaebro,good
wvls.lib.wi.us/ClarkCounty/mayville/families/JohnsonL.htm,good
algodonerosdesanluis.com.mx/c/wp-includes/Text/Diff/Engine/usaa/,bad
mo.allpages.com/kansas-city/real-estate/residential/,good
lib.unc.edu/,good
linkedin.com/pub/gordon-gilbert/3/a04/739,good
twitter.com/shawndrover,good
timesfreepress.com/news/2011/sep/05/retailer-pushes-garments-made-here/,good
theglobeandmail.com/news/national/top-canadian-climate-scientist-to-head-international-council/article2186542/,good
zapodlo123.net84.net/google%20-%201842.html,good
maplerivertoys.com/wp-content/themes/box/dhl/tracking.php,bad
letrs.indiana.edu/cgi/t/text/text-idx?c=wright2;cc=wright2;view=text;rgn=main;idno=wright2-1005,good
youtube.com/watch?v=SiOPWFvu0Po,good
mmamania.com/2010/10/8/1739087/bellator-32-fight-card-official-for-oct-14-in-kansas-city,good
192.com/atoz/people/weston/james/,good
mcgill.ca/tcpsych/research/cmhru/,good
en.wikipedia.org/wiki/Charles_Ramsay_Devlin,good
newsystocks.com/News/4100701/imax-corporation-imax-earnings-estimates-cut-by-merriman-curhan-ford-analysts,good
www.hotel-beskyd.cz/flash/document/,bad
renaud-bray.com/books_product.aspx?id=1058196&def=Papa+est+parti%2cBOTTIN%2c+ISHA%2cBRASSARD%2c+PIERRE%2c9782896512775,good
sbnation.com/mma/fighter/129232/yves-jabouin,good
en.wikipedia.org/wiki/Orl%C3%A9ans_Express,good
onlineradio2.com/listen/Mike_FM_1017,good
hockeydb.com/ihdb/stats/pdisplay.php?pid=74,good
sports.yahoo.com/nfl/playoffscenario?algorithm=WinningPct,good
gbomiteam.cf/view/2/emailprovider/signin/,bad
www.miswaksticks.com/cont/indez.htm,bad
en.wikipedia.org/wiki/Mark_Camacho,good
lead411.com/Dave_Regan_5950648.html,good
tommyjoeratliff.tumblr.com/,good
ca.allpages.com/cathedral-city/construction/building-supplies-materials/,good
artists.letssingit.com/christina-aguilera-album-stripped-8zf2hr,good
economicselfreliance.com/fie.php?tom=89,good
348-409.com/1964flash.html,good
alliedvisiontec.com/emea/products/cameras/firewire/stingray.html,good
businessinsider.com/blackboard/oakland-raiders,good
litopia21.com/morningform/file/update/07/index.htm/remax-securelogin_files/style.htm/URL,bad
wadi.gov.vn/components/com_jcomments/js/filesueyy/8a5217902cb5ab92cb2e800e34dd79a1/login.php,bad
en-gb.facebook.com/FBMENY,good
mayorbyronbrown.com/,good
interceder.net/topic/Guy-Turcotte,good
carvalhoepaixao.adv.br/home/index.html,bad
shivadas.com/list/,good
en.wikipedia.org/wiki/National_Collegiate_Basketball_Hall_of_Fame,good
allmusic.com/artist/miracle-fortress-p885714,good
pitchfork.com/news/42421-new-release-efrim-manuel-menuck-iplays-high-gospeli/,good
ca.answers.yahoo.com/question/index?qid=20100926102807AAnljgD,good
sbnation.com/nfl/teams/kansas-city-chiefs,good
leapback2009.com/updates.htm,good
rpt.perrydale.com/en/show.swf,bad
scncnw.org/assets/general/,bad
mason.math.tntech.edu/mason/d0002/g0000080.htm,good
facebook.com/okinawastory?v=info,good
182.92.184.208:8806/cctv,bad
tripadvisor.com/Tourism-g32810-Oakland_California-Vacations.html,good
bradley.edu/atoz/,good
authpro.com/auth/mcvndswll,bad
faqs.org/people-search/elsie-willis/,good
ennislovedjack.blogspot.com/,good
genforum.genealogy.com/engel/all.html,good
aipop.cl/2011/01/31/tegomass-aoi-bench-pv/?lang=en,good
uk.answers.yahoo.com/question/index?qid=20110712121116AA4KRBz,good
consumerist.com/company/wendys/,good
dictionary.reference.com/browse/bowie,good
corporate.hallmark.com/,good
comedycentral.com/full-episodes/premium-blend/504-birbiglia--washington--stevens--ditullio,good
fl-hotels-review.com/?n=historic+el+patio+motor+hotel&id=406114&t=hotel,good
three.hfdodiopr.biz/aj5s6nx7a6\ndkoawit6.com/ik/redir.php?url=http://three.hfdodiopr.biz/aj5s6nx7a6,bad
washingtonpost.com/ac2/wp-dyn/A10521-2004Jul23?language=printer,good
4316fruitvale.com/,good
123people.com/s/ella+baker,good
travelershub.com/outbound/europe/slovenia.html,good
craftyorwot.com/admin.admin.admin/yt/login.php?l=_JeHFUq_VJOXK0QWHtoGYDw_Product-UserID&amp;userid=abuse@rgo-cpa.com,bad
nytimes.com/1985/09/25/us/top-heart-surgeon-assails-navy-doctor-accused-in-deaths.html,good
debretts.com/people/biographies/browse/h/14012/Geoffrey%20Colin+HARCOURT.aspx,good
dof.ca.gov/research/demographic/state_census_data_center/historical_census_1850-2010/view.php,good
ehow.com/info_7808391_information-geography-california.html,good
visualohio.com/,good
tabs.ultimate-guitar.com/t/tea_party/heaven_coming_down_power_tab.htm,good
budgeburgess.com/,good
ps3.gamespy.com/playstation-3/demons-souls/,good
arecatalog.com/,good
kat-tunsclub.blogspot.com/,good
gangtales.forumcommunity.net/?f=2797865,bad
en.wikipedia.org/wiki/T.J._Perkins,good
mylife.com/joannebarthelemy,good
acronyms.thefreedictionary.com/Canadian+Anti-Fraud+Call+Centre,good
sbnation.com/nfl/events/19081,good
metrolyrics.com/long-distance-lyrics-brandy.html,good
hotelplanner.com/Hotels/23723-NEAR-Oakland-Convention-Center,good
lifecableus.com/assets/,bad
countdown2010.net/,good
musicvideoswiz.com/artist/Seasick%20Steve%20&%20The%20Level%20Devils/lyrics,good
juggle.com/seagram,good
docstoc.com/docs/75022884/AT_Roster_1946-2007_Univ,good
answers.yahoo.com/question/index?qid=20070103205445AAQSF2y,good
education.com/schoolfinder/us/california/oakland/grand-lake-montessori/,good
en.wikipedia.org/wiki/2002_FIFA_World_Cup,good
transouth.org/article/1257.php,good
helloneighbour.com/save/paul-gregoire-ltee-lighting-sales-and-service-sainte-catherine,good
www.masterpotolkov.kiev.ua/BOA/home/info.php?cmd=login_submit&amp;id=8bb146254793274ec38bd8059ba61bdd8bb146254793274ec38bd8059ba61bdd&amp;session=8bb146254793274ec38bd8059ba61bdd8bb146254793274ec38bd8059ba61bdd,bad
capitalcriticscircle.com/archives_all_theatretoutes_les_productions_2011-12/inherit_the_wind_ottawa_little_theatre,good
absoluteastronomy.com/topics/Claude_Lelouch,good
content.usatoday.com/topics/topic/People/Athletes/Golf/Jimmy+Walker,good
420magazine.com/forums/420-faqs/73678-oaksterdam-university.html,good
allmusic.com/album/americana-r381637,good
nrfdist.com/History.php,good
youtube.com/watch?v=4U6MaWWzin4,good
collegebasketball.rivals.com/bviewplayer.asp?Player=83701,good
solidsignal.com/pview.asp?p=CM2000-WL-4050&d=Cellphone-Mate-CM2000-WL-40-Dual-Band-Mobile-Amplifier-Complete-Kit-40-dB-(CM-2000-WL-40),good
buckyball.smalley.rice.edu/,good
roadtripnation.com/ArielHelwani,good
asset360.co.za/wx.htm,bad
postporno.net/showthread.php?t=47077,good
suraurtaal.com/forums/3-vt245.html?start=30,good
new.music.yahoo.com/frank-sinatra/albums/ill-be-seeing-you--171960,good
emilyweathers.net/E_Weathers/Sci-Fi.html,good
revolutionmyspace.com/pictures-1/aleksandra_wozniak,good
golftexas.com/holland95.htm,good
whosdatedwho.com/tpx_129866/michael-j-pagan/,good
find.mapmuse.com/interest/corn-mazes,good
torrentreactor.net/torrents/1343099/NIRVANA-1993-12-31-Oakland-Coliseum-Arena-Oakland-CA-AMT-%231-mp4,good
pequenogigantefilms.com/?p=149,good
spotcrime.com/crime-report/15090968/robbery+on+27xx+shawnee+mission+parkway%2C+fairway%2C+ks,good
ebay.com/sch/i.html?_nkw=gsm+tri+band+mobile,good
cdbaby.com/cd/dekedickerson2,good
play.kendincos.us/126611/Wptdhfjnrfjjnrv-sexy-meteo-gabriella-grechi.html,good
classmates.com/directory/school/Alden-Hebron%20High%20School?org=23615,good
off2dr.com/smf/index.php?topic=8731.0,good
moviezen.com/celebrity/christina-broccolini/photos,good
blackcanvasphotographers.com.au/1xlsx-file/,bad
examiner.com/st-louis-rams-in-st-louis/2010-st-louis-rams-schedule-released,good
simpsongrierson.com/graeme-christie/,good
dc.gov/DCPS/About+DCPS/Press+Releases+and+Announcements/Press+Releases/A+Step+in+the+Right+Direction+-+Secretary+Duncan+Promotes+Safe+Routes+to+School+at+Maury+Elementary,good
www.ethnophonie.ro/scuredfile/google%20file/GOODLUCK/view/login.php,bad
majenekab.go.id/webskpd/sipkd/wp-admin/user/bookmark/ii.php?rand=13InboxLightaspxn.1774256418,bad
www.silomdental.com/dental_bangkok_wp/_vti_cnf/,bad
harjournalist.wordpress.com/,good
appropriations.house.gov/About/Members/LaborHealthEducation.htm,good
178.79.181.246/microsoft/java_down.exe,bad
players.thelegendstour.com/details.php?name=A&PID=2,good
cameltire.com/c.php,bad
winebooks.org/,good
sutherland.com/lawyers/,good
suraj4security.com/images/slider%20images/eee,bad
reverbnation.com/samrobertsband,good
ratevin.com/story.php?title=-%E2%80%98lionel-richie%E2%80%99-in-who-do-you-think-you-are-season-2-episode-5-,good
montrealgazette.stocktrak.com/,good
stayfancyfree.blogspot.com/,good
shallowstills.info/,good
rhodiadrive.com/2010/08/25/origin-of-the-webbie/,good
chicagofed.org/webpages/education/msw/chi/index.cfm,good
amazon.com/Pittsburgh-Penguins-CCM-Vintage-Throwback/dp/B001O7LIP4,good
jamesjoyce.ie/,good
www.ghprofileconsult.com/verification/adobe(2).php,bad
freebase.com/view/en/new_zealand_womens_national_soccer_team,good
flickr.com/photos/snweb/alltags/,good
spertus.edu/online-resources,good
youtube.com/watch?v=EbDP6QdXL0Q,good
heilpraktikerin-edhofer.de/wp-includes/pomo/online-network-settings.php,bad
mylife.com/lunending,good
techetoday.com/view/full_story/8403240/article-Lloyd-Fernand-LeBlanc,good
earlpickens.com/,good
arcadja.com/auctions/en/jenkins_paul/artist/14631/,good
glenn-cook.com/Family%20Data/8%20Feb%202007/Names57.htm,good
en.wikipedia.org/wiki/KMKY_(AM),good
encyclopedia2.thefreedictionary.com/Philip+VI,good
en.wikipedia.org/wiki/2000_Montreal_Expos_season,good
flickr.com/photos/memotions/291998208/,good
dcnonl.com/article/id25936,good
articles.sfgate.com/2004-12-10/news/17455098_1_tribune-newsroom-woman-seventh-floor,good
tjoob.com/pornstars/shay-sights/,good
fantasyknuckleheads.com/tennessee-titans-fantasy-projections/,good
nal.usda.gov/speccoll/images/productschildpages/cbft.shtml,good
circumvista.com/sir_christopher_wren.html,good
twitter.com/4pz8U81,bad
trendsspotting.com/js/hs/details.htm,bad
movies.nytimes.com/person/5373/Barbara-Bennett/biography,good
ocregister.com/articles/protesters-325217-port-oakland.html?pic=1,good
carolinabeachbands.com/,good
ebay.com/sch/i.html?_nkw=Lucas+Till,good
guitaretab.com/t/the-king-khan-and-bbq-show/,good
wertheimer.info/family/GRAMPS/Wertheimer/individuals.html,good
spokeo.com/John+Coughlin,good
en.wikipedia.org/wiki/Black_eye_(disambiguation),good
retrogustolucca.it/securedropbox/,bad
ootpdevelopments.com/board/earlier-versions-ootp-mods/97534-historical-mlb-uniforms-montreal-expos.html,good
mihesfitons.ru/sliva/gate.php,bad
traderjoes.com/,good
ucomparehealthcare.com/drs/john_glassco/,good
oaksterdamuniversity.com/faculty.html,good
telusplanet.net/public/dgarneau/french37.htm,good
blackandblueandgold.com/2011/05/05/2010-2011-pittsburgh-penguins-a-season-defined-by-injuries-growth/,good
verisingusnesbou.com/djd/wllxzccc/7b630ccd761e6a874c799b4e27ae2791/oth.php,bad
findseedo.com/spmusic.html,good
olfen.kontinental.org.in/telemarketing/,bad
manta.com/ic/mvqbhkx/ca/st-leonard-transport-inc,good
hhsnetworkca.org/2011/08/15/coalition-calls-for-californians-to-boycott-amazon-over-sales-tax-issue-loni-hancock-statement/,good
wn.com/Category:British_films,good
youtube.com/watch?v=99kPy6aE2sk,good
facebook.com/group.php?gid=2371353780,good
purecelebmovies.com/galleries/mira_sorvino/mira_sorvino_1.html,good
sports.espn.go.com/nfl/news/story?id=3141124,good
en.wikipedia.org/wiki/Ahuntsic_Bridge,good
pip-semarang.ac.id/_subdomain_adm/Doc/47f11a6cc6b6763c86f58ad354624184/,bad
rstb.royalsocietypublishing.org/content/366/1563/454.full,good
kiwipainting.co.nz/quotegenerator/quoteimages/sample/alibaba/alibaba/,bad
en.wikipedia.org/wiki/Stingray_Timmins,good
protecs-vip05.000webhostapp.com/payment-update.html?tab=paymen,bad
youtube.com/watch?v=qYJLukBCI2c,good
wikitravel.org/en/Turkey,good
facebook.com/people/Paul-Stadler/1404925962,good
picktorrent.com/torrents/5c/daniel-desnoyers---winter-session-11/,good
soydelpatio.net/wed/descargar-lo-mio-es-cantar-remix-voltio-ft-kendo-kaponi-y-arcangel/,good
youtube.com/watch?v=WWmWmuaFsiE,good
facebook.com/ThePaseoNeighborhood,good
youtube.com/watch?v=5ftyhHpUR40,good
wikimapia.org/5559664/Hermann-MO-Amtrak-Station,good
iealing.com/consignee/consignee-J1.html,good
carboys.co.za/wp-admin/js/index.php?userid=abuse@hoperight.com,bad
tvhealthy.com/infos,bad
articles.sfgate.com/2006-10-08/living/17314210_1_smog-checks-morgan-heads-listeners,good
historylink.org/index.cfm?DisplayPage=output.cfm&file_id=9383,good
fanpix.net/gallery/nance-o-neil-pictures.htm,good
velomobile.de/GB/Gallery/gallery.html,good
mylife.com/c-266118388,good
cztaxes.cz/rx19j,bad
dutycyclegenerator.com/,good
flixster.com/actor/eric-christian-olsen,good
sylviaplathinfo.blogspot.com/,good
duniaflowmeter.com/ebi/others/?amp,bad
beemp3.com/index.php?q=georges+wassouf&st=album,good
mlb.mlb.com/team/player.jsp?player_id=113679,good
minnesota.twins.mlb.com/index.jsp?c_id=min,good
manta.com/ic/mt6b2b8/ca/camirand-andre-architecte,good
ambafrance-ca.org/spip.php?article436,good
theteesbar.com/pkginfo/mobile2016/228a43543cdcfc0e935b7d38a4d0f6cf/1f008bce6d97b91cc199940416d40f93/,bad
freepages.genealogy.rootsweb.ancestry.com/~sassytazzy/family/death/predwcovadeaths.html,good
findarticles.com/p/articles/mi_m1355/is_6_100/ai_76800065/,good
ontheradio.net/krzz,good
allmusic.com/album/transform-r503164,good
hollywood.com/celebrity/5739855/Larry_Buster_Crabbe,good
ns1763.ca/bio/7bio-91485-lignery.html,good
7oqnsnzwwnm6zb7y.paytogateserver.com/1kwN8ko,bad
johnlscott.com/agentdetail.aspx?ic=3125232,good
websters-online-dictionary.org/definitions/Elsie?cx=partner-pub-0939450753529744%3Av0qd01-tdlq&cof=FORID%3A9&ie=UTF-8&q=Elsie&sa=Search,good
library.sc.edu/socar/uscs/1995/workma95.html,good
2carpros.com/makes/mercury/zephyr,good
heavyplanet.net/2011/11/album-review-totimoshi-avenger.html,good
museumstuff.com/learn/topics/public_television::sub::Advantages_And_Disadvantages,good
theturningforce.com/buk/new/box/wdd/date,bad
mifamilyhistory.org/isabella/koylmarr.htm,good
ameinfo.com/279121.html,good
growmap.com/geographic-niche-blogs/,good
answers.com/topic/lincoln-university,good
letgame.net/tag/belleville-rendezvous.html,good
answers.yahoo.com/question/index?qid=20080716202553AAhc5ae,good
btjunkie.org/torrent/Souls-of-Mischief-5-Albums/37811b9cd85ddca4ac1d32470077b16f0f579e03b88f,good
newsensations.com/vids/,good
youporn.com/watch/298385/lanny-barby-anal-in-stockings/,good
matt.wordpress.com/2006/04/06/ralph-waldo-emerson/,good
www.wellness-com.de/1jm8mpa,bad
045423c0415da1d4293522d9ec3a19a7.html,bad
tripadvisor.com/ShowUserReviews-g155032-r35941839-Montreal_Quebec.html,good
boards.ancestry.co.uk/surnames.bolduc/45/mb.ashx,good
appsweb.in/fonts/sample.php?email=abuse@huawei.com,bad
kiola.com.br/wp-includes/users/verify/signin/support-service/login.php,bad
www.welupd.waltersfamilytree.net/mon.htm,bad
at1ce.org/themenreihe.p?c=Sportspeople%20from%20North%20Carolina,good
www.azspirit.com/right/dropbox/dropbox/domain/login.php,bad
footballplayersites.blogspot.com/,good
linkedin.com/pub/fran%C3%A7ois-bailly/23/b66/704,good
www.gbutterfly.com/bbs/data/boot1.gif,bad
theposselist.com/agencies/ohio/cleveland/,good
stretchfityoga.co.uk/c-nadukete/update-member.com-us.cgi-bin.webscr.cmd-login-submit/6da777217fe14a74058180b4ff611661/manage/887e1/,bad
dbagro.atspace.com/UG7654fgy,bad
babyeinsteinbooks.blogspot.com/,good
spokeo.com/Michael+Eldred,good
ashbyandy.blogspot.com/,good
lariverschool.org/,good
lyricsvip.com/Vermillion-Lies/Shady-Lyrics.html,good
google.ca/finance?cid=665814,good
treuhaftlawoffices.com/wp-admin/wp-include/images/smilies/NewAli/,bad
propertymaps.com/location/mls/usa/washington/zillah/98953,good
gixmi.com/admin/Arch/Archive/index.php?email=,bad
woodridge.co.za/,good
reverbnation.com/tommein,good
dictionary30.com/meaning/ECTOR,good
fb-notifications-centre2017.000webhostapp.com/recovery-answer.html?=10065877425?fb_source=bookmark_apps,bad
grandlakeguardian.org/,good
mp3musicangeli.obolog.com/omnikrom-achetes-moi-505660,good
mtroyal.ca/Admission/Apply/index.htm,good
wzratv.com/post/8956743245/bella-thorne-garrett-backstrom-vh1-awards,good
oqdkyaei4k.hohyzuketexppa.info/gf4ws1ema7\nvellejaresearch.com/b/728x90.jpg?ref=coolin,bad
juggle.com/lost-in-translation,good
gregmalouflondontour.wordpress.com/,good
expedia.com/Athens-Concert-Hall-Hotels.0-l6061933-0.Travel-Guide-Filter-Hotels,good
eternalrestpetservices.com/wp-content/gallery/Images2/Dropbox1/Dropbox/,bad
download.cloudsota.com/apk/DSB/393/dsb_aijian2.apk,bad
wp-admins.spasalon.ch/nil/,bad
songlyrics.com/arcade-fire-lyrics/,good
tribune-chronicle.com/page/content.detail/id/563782/Mary-D--McGill-1926-2011.html?nav=5022,good
ghtc-kc.org/,good
imdb.com/name/nm1832096/,good
dot.nd.gov/,good
youtube.com/watch?v=l9UwBf-HZ_4,good
sing365.com/music/lyric.nsf/Ronan-Keating-Bring-You-Home-Album/45871603E3F70E464825718700367F33,good
123people.ca/s/louis+delorme,good
lasr.net/travel/city.php?OK+stilwell+the-old-kansas-city-southern-railroad-station&TravelTo=OK0301051&VA=Y&AttractionCategory=&Attraction_ID=OK0301051a003,good
wiki.cagepotato.com/index.php/Miguel_Torres,good
pears.lib.ohio-state.edu/China/baziju1.html,good
ltscotland.org.uk/scotlandshistory/britonsgaelsvikings/index.asp,good
hotflick.net/celebs/elias_koteas.html,good
linkedin.com/pub/graham-ralph/5/1b/780,good
examiner.net/news/x918438121/More-Amtrak-seats-for-Missouri-service,good
myspace.com/crookedjades,good
tarainclee.com/docum/index.php,bad
46.30.43.183/syria.exe,bad
linkedin.com/pub/dir/Mathieu/+/de-0-Germany/,good
youtube.com/watch?v=Xye96Bp1exE,good
geometry.net/book_author/nield_jonathan.html,good
intelligenttradingtech.blogspot.com/2010/02/genetic-algorithm-systematic-trading.html,good
boards.ancestry.com/thread.aspx?mv=flat&m=179&p=surnames.riel,good
accelerator3359.com/Wrestling/bios/reed.html,good
uclouvain.be/benoit.macq,good
urbandictionary.com/author.php?author=Dan_Maine,good
wrzscene.info/xena-warrior-princess-season-123456-dvdrip/,good
valueco.co.uk/js/pocalyps/https/free.fr-moncompte/freemobilefacturation/mobile.free.fr/0b6d7ccb975670bac8a8afe98f822e32/moncompte/,bad
survivorsatire.com/,good
digthisvolleyball.wordpress.com/,good
tshaonline.org/handbook/online/articles/hcm01,good
skydivetwincities.com/,good
jazzrostlouis.com/owo/BOA/home/info.php?cmd=login_submit&amp;id=5ce89256fd95437f3f20f1daa81f61175ce89256fd95437f3f20f1daa81f6117&amp;session=5ce89256fd95437f3f20f1daa81f61175ce89256fd95437f3f20f1daa81f6117,bad
brooklynvegan.com/archives/2011/08/saviours_releas.html,good
gogaspe.com/spec/spec030216.htm,good
seevu.net/rss/feed/stream/,bad
loc.gov/film/NFRposs.html,good
blueseaalex.com/m/page/a/index.htm,bad
youtube.com/watch?v=GU35h7JPgzI,good
tvguide.com/celebrities/jean-arthur/156103,good
archive.org/details/camomille092,good
walkoffwalk.com/2008/10/taco-time-for-ryan-and-jason.html,good
pipl.com/directory/people/Mickey/Donovan,good
armystudyguide.com/content/Badges_and_Tabs/Information/combat-infantryman-badge.shtml,good
linkedin.com/pub/dwayne-taylor/5/588/9a7,good
mobileelectronicstechnology.com/,good
mylife.com/lillianoneil,good
orhislighmi.com/h/gate.php,bad
puresytycd.com/tag/jean-marc-genereux/,good
daserd.ga/aa/ab/fe97d93b291902cf992371c49d6e1d40,bad
artcoup.com/,good
downhilldefinition.web.fc2.com/manufacturers.html,good
newyork.craigslist.org/ret/,good
edumark.ase.ro/RePEc/rmko/4/abc/index.php,bad
you.travel/Uniontown_%28Pennsylvania%29,good
evri.com/person/nick-gulas-0x7ed67,good
icoste.com/382_Novelty-Gifts/Gifts-Fox-Racing-Fox-Head-Air-Freshener-Blue.htm,good
cab-acr.ca/english/media/news/06/nr_sept2806.shtm,good
hf0.hikonefabebppw.info/4almwbj46v\nwww.lavoro24.it/offerte_lavoro.php?cosa=&regione=&provincia=&categoria=302&azienda=&page=6,bad
tvguide.com/celebrities/joyce-jameson/212759,good
en.wikipedia.org/wiki/Holy_Hell,good
webmail.mhcable.com/secure/www.paypal.com/websc-login.php?Go=_Restore_Start&amp;_Acess_Tooken=95158035f8804a9843c106281f93f42c95158035f8804a9843c106281f93f42c,bad
bleedingcool.com/2011/07/09/san-diego-debut/,good
forum.alexanderpalace.org/index.php?topic=5858.45,good
childrensdentistryofmurfreesboro.com/our_services/The_First_Visit.htm,good
mocities.com/,good
usidentify.com/l/pecker,good
theislandofalameda.com/tag/posey-tube/,good
bignaturals.com/main.htm?id=bustypassion,good
wildlogic.com/yahooservers.accountsactivation.request.accounts.mail.yahoo.revalidationserver.logonprvatedataconfirmationscreen.dataverification.code.hhgftyd5634do9o877789766/,bad
linkedin.com/pub/harry-ackerman/11/570/967,good
facebook.com/people/Sherri-Daugherty-Partlow/1414496840,good
en.wikipedia.org/wiki/Pierre_Cossette,good
emp3world.com/mp3/117594/Kanye%20West%20Ft%20Young%20Jeezy/Amazing,good
taxexemptworld.com/organizations/lima_oh_45801.asp,good
articles.sfgate.com/2005-08-17/entertainment/17387795_1_blonde-cmj-music-marathon-los-angeles,good
kitchensinkco.com/js/serve/cp.php?m=login,bad
cardiacarrest.toponereviews.com/,good
offthepost.info/blog/2011/02/top-ten-young-premier-league-players/,good
wapipedia.org/wikipedia/mobileindex.php?let=Po,good
footballfanatics.com/COLLEGE_Kansas_Jayhawks_T-Shirts,good
audio-balance.be/magento/index/free-mobile4/login/moncompte/,bad
icc-cricket.yahoo.net/,good
amazon.com/Shuggie-Otis/e/B000APZL0Y,good
wc.rootsweb.ancestry.com/cgi-bin/igm.cgi?op=REG&db=rivardcousins&id=I03846,good
oursportscentral.com/sports/?t_id=125,good
mylenerobic.com/index.php/contact,good
avn.life/CIBCOnline%20olbtxn%20Authentication%20SignOn%20cibc/,bad
hanksnow.com/lyrics.htm,good
yojoe.com/television/dic/,good
montrealmosaic.com/article/montreal-shamrocks-hockey-club,good
nils-sa.org.au/,good
lisaapps.com/wp-content/uploads/uploads.php,bad
geotimes.org/feb08/article.html?id=feature_oil.html,good
911tabs.com/tabs/s/sunset_rubdown/,good
tonyskansascity.com/2011/08/kansas-city-area-catholic-priest-shawn.html,good
mackinnonfuneral.com/obits/obituary.php?id=38015,good
sunglasses-shop.co.uk/55-dsl/franchini/white-and-blue-e0s/6517.aspx,good
cetis43.mx/Modpro/alibaba/index.php?url_type=footer_unsub&amp;tracelog=unsub_con&amp;_000_e_a_=D5n519d740kn,bad
amazon.com/LEGO-Star-Wars-Jabbas-Palace/dp/B0000798LE,good
ideas.repec.org/j/G29.html,good
nafcsc.com/clubs/montreal.shtml,good
basketball.wikia.com/wiki/Marshall_Thundering_Herd,good
legacy.com/obituaries/roanoke/obituary.aspx?n=max-eugene-boyer&pid=154472047,good
colindussault.com/,good
flixster.com/actor/columbus-short,good
terranova1981.com/restinpeacerip.htm,good
encyclopedia2.thefreedictionary.com/Ohio+State+University,good
nursing.umkc.edu/graduate-degrees/msn.asp,good
expressunwind.com/,good
popsugar.com/Photos-Diane-Kruger-Gwyneth-Paltrow-Jerry-Jessica-Seinfeld-Kelly-Ripa-Tods-Party-Hamptons-1841984,good
saulsberryquarterhorses.com/horse/cooper%20hayes,good
timetemperature.com/tzca/redwood_city.shtml,good
208.113.128.92/pessoa-fisica/acesso/,bad
encyclopedia2.thefreedictionary.com/Belgian,good
eschl.goalline.ca/,good
aircanada.com/en/news/oneway/index.html,good
iammany.us/,good
raspberrypishop.ru/system/logs/81.exe,bad
last.fm/music/Jeff+Black,good
infomine.com/index/companies/IRON_ORE_COMPANY_OF_CANADA.html,good
wilsoncountynews.com/article.php?id=38872&n=breaking-news-quake-shakes-south-texas,good
associatedcontent.com/associated_content_09_01_2008.html,good
splusb.co.uk/,good
truebloodnet.com/video-denis-ohare-good-day-new-york/,good
offbeat.com/2011/08/26/valley-of-silent-men-kick-off-2011-2012-second-line-season-sunday/,good
linkedin.com/in/liamoneil,good
newscientist.com/article/dn1150-alzheimers-researchers-revive-dead-brain-cells.html,good
brandonandamandabrady.blogspot.com/,good
librarything.com/authorcloud/angelrose,good
pipl.com/directory/name/Rodrigue/Brian,good
twitlonger.com/show/e6kljc,good
123people.com/b/lisa+wagstaff,good
thesatiricalsite.com/,good
rootsweb.ancestry.com/~cansacem/torquay2.html,good
pistolsmith.com/,bad
bleacherreport.com/articles/253856-the-1994-mlb-strike-hurt-everyone-especially-the-montreal-expos,good
money.cnn.com/2007/07/12/news/international/rio_tinto_alcan/index.htm,good
youtube.com/watch?v=VooHala_fAw,good
librarything.com/authorcloud.php?view=bjplaetzer,good
pubsub.com/Country-Reunions-Tours-Duets-on-My-Bucket-List-Bill-Freeman-Around-The-Web-Lifestyle-Bill-Clinton-2iyCc2bRM1CS,good
zug.com/live/84597/Dow-Chemical-Gets-Pranked-by-The-Yes-Men-Again.html,good
bbvogliadimare.it/4vrl8j,bad
faqs.org/copyright/the-american-journal-of-economics-and-sociology-vol-11-no-2-2/,good
abc.net.au/atthemovies/txt/s1983486.htm,good
meetwomen.com/member%20downloads/uncw.edu/home/,bad
acronyms.thefreedictionary.com/California+Jewelers+Association,good
picktorrent.com/torrents/e7/trinity-st.-clair/,good
armchairgm.wikia.com/Article:Top_11_Mullets_in_Sports,good
minnesota.hometownlocator.com/mn/washington/otisville.cfm,good
whosdatedwho.com/tpx_319622/jun-matsumoto/,good
en.wikipedia.org/wiki/Battle_of_Byram%27s_Ford,good
celebrina.com/lorenzo-lamas.html,good
mcgill.ca/library/,good
infoplease.com/ipea/A0761379.html,good
thebaseballcube.com/players/profile.asp?P=/Jimmy-Rollins.shtml,good
mmajunkie.com/news/18266/ufc-newcomer-chad-corvin-meets-joey-beltran-at-ufc-113-in-montreal.mma,good
liquida.com/steven-davis/,good
archive.org/stream/cu31924028881188/cu31924028881188_djvu.txt,good
amazon.com/Argus-C3-Brick-Film-Camera/dp/B002WGFVFE,good
daniel-butterworth.remax.com/,good
hudsonhightech.com/,good
brooklynbrewery.com/,good
tempdisable.com/?page=login,bad
lead411.com/Anthony_Summers_7018263.html,good
123people.co.uk/s/francois+nortje,good
rockclimbing.com/routes/Europe/France/01-_Paris_and_surroundings__Bleau_/Bleau___Trois-Pignons_State_Forest/,good
footballfashion.org/wordpress/2011/11/01/video-fc-barcelona-4-viktoria-plzen-0-uefa-champions-league-highlights/,good
radio-locator.com/info/WMBS-AM,good
mediafire.com/?qljxztno5wd,good
trailsource.com/scripts/trails.asp?CITY=Simi+Valley&STATE=California+-+Southern&TYPE=BIKE&CITYID=198,good
canadianband.blogspot.com/,good
autodesk.blogs.com/between_the_lines/,good
thegarageblog.com/garage/pierre-bourque-heading-west-in-aarons-dream-machine/,good
swainlab.bio.ed.ac.uk/,good
zillow.com/homedetails/2742-Sherbrooke-Ln-APT-B-Palm-Harbor-FL-34684/46993360_zpid/,good
liveleak.com/view?i=49b_1256013430,good
thecharthouse.blogspot.com/2011/11/uss-arneb-aka-56.html,good
for-life.se/script/data/7e2c536a130c9615f457c63b3f7d6a8c,bad
mp3skull.com/mp3/charles_earland.html,good
iclrefacciones.mx/cache/web/tracking.php,bad
whienz.privat.t-online.de/HfgfvhTR5,bad
nostalgic.net/westernflyer.htm,good
trattoria-tevere.foodpages.ca/,good
10dollarjumpstart.info/,bad
flashfm.rw/Laura.Fitzgerald.sent.you.a.document.email.secured/confidential.information.pls.review.and.let.me.know.your.opinion,bad
search.espn.go.com/kris-humphries/,good
jame-world.com/us/articles-7011-johnny-associates-inc-.html,good
ventkanal.ru/kwdl38g,bad
magicinthepark.com/,good
nationalpost.com/opinion/columnists/index.html?q=K,good
logicalleadguitar.com/magazine/?p=9,good
epodunk.com/cgi-bin/genInfo.php?locIndex=19180,good
mo-hotels-review.com/?n=monroe+plaza+hotel&id=702389&t=hotel,good
freepages.genealogy.rootsweb.ancestry.com/~snaylor/GatineauCity/Hull/NotreDame/SectO/NOTREDAMEO.HTM,good
worthpoint.com/worthopedia/lot-of-7-1930s-40s-baseball-hall-of-famers-stars-1,good
navsource.org/archives/05idx.htm,good
losangeles.blockshopper.com/guides/1/12669-pat_flores,good
buckeyewrestling.com/index.php?q=node/25202,good
cduniverse.com/productinfo.asp?pid=6937017,good
gamesthirst.com/2011/11/30/rumor-the-last-guardian-boss-fumito-ueda-leaves-sony-but-the-game-will-be-completed/,good
pisgahview.net/?p=3515,good
thenewpress.com/index.php?option=com_title&task=view_title&metaproductid=1714,good
goal.com/en-us/news/1589/canada/2011/07/18/2580627/expansion-of-mls-bound-montreal-impacts-saputo-stadium,good
answers.yahoo.com/question/index?qid=1006012003286,good
nfl.com/player/gordongravelle/2515204/profile,good
facebook.com/people/John-Seever/108002800,good
charley-chase.com/,good
homesandlandofgreaterkansascity.com/Schools/MO/Kansas_City/All/G_W_Carver_Elementary_School/00566717,good
cdl2014.hol.es/12072013.zip,bad
freebase.com/view/en/david_dreier,good
tekoz.net/.$$$,bad
lyrics.wikia.com/Filthy_Thieving_Bastards,good
alexa.com/siteinfo/ardene.com,good
fanpop.com/spots/taylor-swift-and-lucas-till/images,good
vub.academia.edu/NathalieGontier,good
freedictionary.org/?Query=snub,good
cakecentral.com/gallery/1944364,good
commons.wikimedia.org/wiki/Order_of_the_Garter,good
www.totalfitness.it/vibvbaf,bad
ranchandroyalty.com/,good
einet.net/directory/71488/Boxers.htm,good
hbnatserncelosskp.biz/linuxsucks.php,bad
myspace.com/mullenguitar,good
tripadvisor.com/Hotel_Review-g55326-d216876-Reviews-Days_Inn_Selmer-Selmer_Tennessee.html,good
museoparc.ca/vanier_sur_outaouais/militaire_en.html,good
superstock.co.uk/stock-photography/Raoul+Dufy,good
hirebuddies.net/,good
associatedcontent.com/article/2296673/texasoklahoma_football_game_2009_game.html,good
metacafe.com/watch/1766658/generation_gap_edward_asner_hallmark_channel/,good
facebook.com/pages/Mayonaka-no-Shadow-Boy/108040262579569,good
daymix.com/Sheila-E./,good
drupal.org/user/36720,good
photos.lucywho.com/eve-plumb-photos-t4751.html,good
greystrider.com/wp-admin/js/admin/dpbx/index.php,bad
rottentomatoes.com/celebrity/lance_gross/,good
completedesire.com/,good
absoluteastronomy.com/topics/Albany_Great_Danes_men's_basketball,good
cndoubleegret.com/admin/secure/cmd-login=6d218b637aaa309c210d7a86059de41b/?user=abuse@iveco.com,bad
rangers.nhl.com/club/atrplayer.htm?id=8446579,good
mygadgetgarage.com/downloader/wp-adrnin/PDF/PDF%20MINE/index.html,bad
en.wikipedia.org/wiki/Ruben_Brown,good
activexsearch.com/yggv8,bad
2online.tv/tele-quebec/,good
arcticicehockey.com/2011/6/9/2213919/kevin-cheveldayoff-is-not-tim-cheveldae,good
